a.cilacapkab.com/spbo/bet88;#N/A
slot-mahjong.pa-talu.go.id;8
slot-jp.pegafkab.go.id;7
slot-mania.pa-talu.go.id;7
link-slot-gacor.klungkungtourism.klungkungkab.go.id;6
slot-mahjong.pegafkab.go.id;6
slot-thailand.pegafkab.go.id;6
slot-online.pa-talu.go.id;5
slot-deposit.klungkungtourism.klungkungkab.go.id;4
slot-server-singapore.pn-tubei.go.id;4
slot-toto.pn-tubei.go.id;3
slot-depo-5k.pn-tubei.go.id;3
slot-hoki.pa-talu.go.id;2
slot-deposit-dana.pegafkab.go.id;2
slot-receh.pn-tubei.go.id;2
slot-thailand.pemdes.tapselkab.go.id;1
slot-dana.pegafkab.go.id;1
slot-online.pegafkab.go.id;1
slot-zeus.pa-sawahlunto.go.id;1
slot-demo.pa-talu.go.id;1
slot-resmi.klungkungtourism.klungkungkab.go.id;1
;71
