Row Labels;Count of Domain Name
*.hoki-slot-copo.diskopumkm.karangasemkab.go.id;1
*.slot-5000.pa-buntok.go.id;2
*.slot-bca.pta-papuabarat.go.id;1
*.slot-dubai.mamberamotengahkab.go.id;1
*.slot-dubai.pn-dumai.go.id;1
*.slot-filipina.pn-dumai.go.id;1
*.slot-gacor.dishub.karangasemkab.go.id;3
*.slot-gacor.jdih.sumbawakab.go.id;2
*.slot-gacor.kejari-halut.go.id;1
*.slot-gacor-maxwin-2023-no1.diskopumkm.karangasemkab.go.id;1
*.slot-gopay.kejati-diy.go.id;1
*.slot-hongkong-copo-2024.diskopumkm.karangasemkab.go.id;1
*.slot-jitu.pn-dumai.go.id;2
*.slot-malaysia.pa-tabanan.go.id;1
*.slot-prancis-copo-2024.diskopumkm.karangasemkab.go.id;1
*.slot-qatar.mamberamotengahkab.go.id;3
*.slot-qatar.pa-marisa.go.id;1
*.slot-server-eropa-copo-2024.diskopumkm.karangasemkab.go.id;4
*.slot-server-eropa-keren.diskopumkm.karangasemkab.go.id;3
*.slot-server-hongkong-copo-2024.diskopumkm.karangasemkab.go.id;2
*.slot-server-jepang.diskopumkm.karangasemkab.go.id;3
*.slot-server-jepang-pro.alorkab.go.id;2
*.slot-server-macau-keren.diskopumkm.karangasemkab.go.id;2
*.slot-server-myanmar.dpka.acehtamiangkab.go.id;1
*.slot-server-myanmar.pn-dumai.go.id;1
*.slot-server-thailand-no-1.diskopumkm.karangasemkab.go.id;3
*.slot-server-vietnam.diskopumkm.karangasemkab.go.id;1
*.slot-server-vietnam-keren.diskopumkm.karangasemkab.go.id;1
*.slot-shopeepay.pa-tabanan.go.id;2
*.slot-zeus.pn-jepara.go.id;1
*.susu-slot-bet.bapelitbang.sikkakab.go.id;1
adam77-slot-gacor.jdih.kaimanakab.go.id;1
AkuN-dEMO-SlOT-GrATis.PA-AMunTAI.gO.Id;7
akun-slot-gacor.pn-bojonegoro.go.id;3
akun-slot-gacor.pn-mandailingnatal.go.id;1
akun-slot-gacor.pn-purwokerto.go.id;1
akun-slot-online.epkk.kotaprabumulih.go.id;4
android4d-slot-online.pn-maumere.go.id;3
awstats022024.slot-gampang-jp.pa-talu.go.id;6
awstats042024.slot-asia.project.bintankab.go.id;1
awstats052024.slot-dana.project.bintankab.go.id;4
awstats082024.slot-demo.pn-malinau.go.id;11
bandar-slot-gacor.pa-tanjungpati.go.id;1
bir123-slot-online.pn-maumere.go.id;6
brand-toko-slot-gacor-hari-ini.pa-kualakurun.go.id;1
cikaslot-slot-gacor.pa-bengkulukota.go.id;7
cpcontacts.daftar-situs-slot-gacor-hari-ini-gampang-menang.pa-amuntai.go.id;3
cucu-slot-bet.alorkab.go.id;1
daftar-slot-kamboja.pengadilan.pa-rumbia.go.id;1
demo-slot-pg-2024.diskominfo.grobogan.go.id;1
demo-slot-pragmatic.pn-sidrap.go.id;1
dEWa-SlOT-88.SulseL.go.Id;1
dipo4d-slot-gacor.pa-bengkulukota.go.id;1
gacor-slot-hari-ini.bpkad.jambikota.go.id;3
game-slot-7.go.id;2
game-slot-gacor.pn-sidrap.go.id;1
gijsha-slot-demo4.batata.banjarbarukota.go.id;2
idr77-slot-gacor.jdih.kaimanakab.go.id;2
j3-slot-demo.inlislite.tabalongkab.go.id;1
judi-slot-putar.go.id;2
kamboja-slot-gacor.naker.tapselkab.go.id;2
lInk-SLOt-dEmO.JDIh.kaIMANakab.GO.id;2
link-slot-filipina.naker.tapselkab.go.id;3
link-slot-gacor.gamel88.batata.banjarbarukota.go.id;1
link-slot-gacor.klungkungtourism.klungkungkab.go.id;6
link-slot-gacor.pa-tarakan.go.id;3
link-slot-gacor.sipp.pa-sungailiat.go.id;2
link-slot-hoki.butonutarakab.go.id;2
login-slot-online.dukcapil.sultengprov.go.id;1
mail.rtp-slot-gacor.disparbud.talaudkab.go.id;1
maxwin-slot-copo.diskopumkm.karangasemkab.go.id;2
mpo-slot-gacor.pa-kraksaan.go.id;1
myanmar-slot-gacor.naker.tapselkab.go.id;2
phoenix-slot-demo08.batata.banjarbarukota.go.id;2
pola-slot-adudu.batata.banjarbarukota.go.id;2
pragmatic-slot-copo.diskopumkm.karangasemkab.go.id;2
rtp-slot-gacor-an.batata.banjarbarukota.go.id;1
sakura-slot-depo5k-2.batata.banjarbarukota.go.id;1
server-amerika-slot-2024.diskopumkm.karangasemkab.go.id;1
server-china-slot-2024.diskopumkm.karangasemkab.go.id;4
server-slot-hongkong.naker.tapselkab.go.id;1
server-slot-taiwan.naker.tapselkab.go.id;1
singapore-slot-gacor.naker.tapselkab.go.id;1
situs-slot-dana.diskopumkm.karangasemkab.go.id;1
situs-slot-gacor-2023-terpercaya.niasbaratkab.go.id;23
situs-slot-gacor-2023-terpercaya.pa-kabmadiun.go.id;5
situs-slot-isaku.diskopumkm.karangasemkab.go.id;3
situs-slot-kamboja.naker.tapselkab.go.id;2
situs-slot-korea.naker.tapselkab.go.id;2
situs-slot-luar-negeri.naker.tapselkab.go.id;2
situs-slot-ovo.diskopumkm.karangasemkab.go.id;2
situs-slot-pulsa-deposit24jam.niasbaratkab.go.id;1
situs-slot-thailand.dilmilti3-surabaya.go.id;2
situs-slot-thailand.e-koperasi.jambikota.go.id;5
situs-slot-thailand.gamel88.batata.banjarbarukota.go.id;1
skm-slot-dana-kt.inlislite.tabalongkab.go.id;1
slot.5000.ptun-kendari.go.id;2
slot.777.kkp-mataram.go.id;5
slot-10k.butonutarakab.go.id;1
slot-2023.jdih.sumbawabaratkab.go.id;3
SLoT-2023.siP.sumBAwaBaRAtkaB.go.ID;2
slot-2023.sister.sumbawabaratkab.go.id;2
slot-303.kesbangpol.tapselkab.go.id;1
slot-4d.bphtb.tabalongkab.go.id;1
slot-4d.demakkab.go.id;1
slot-4d.rsudmursid.indramayukab.go.id;2
slot-4d.spbe.babelprov.go.id;2
slot-5000.pt-sultra.go.id;1
slot-5000-ganesha2.batata.banjarbarukota.go.id;1
sLoT-5k.pn-BUOL.go.id;4
slot-5k.tirtaprabujaya.kotaprabumulih.go.id;2
slot-77.kesbangpol.babelprov.go.id;1
slot-77.pn-watansoppeng.go.id;6
slot-777.pn-watansoppeng.go.id;2
slot-88.ndugakab.go.id;10
slot-88.tantomangkola.tapselkab.go.id;2
slot88-daftar-situs-slot-online-gacor-mudah-menang-maxwin-2023.dishub.biakkab.go.id;1
slot-amerika-gacor.naker.tapselkab.go.id;3
slot-anti-rungkad.pn-sidrap.go.id;3
slot-anti-rungkat.pn-jepara.go.id;6
slot-arcade.angkolatimur.tapselkab.go.id;2
slot-asia.bppbapmaros.kkp.go.id;2
slot-asia.kecsukorejo.kendalkab.go.id;2
slot-asia.kpu-pidiejayakab.go.id;8
slot-asia.sipp.pa-ruteng.go.id;3
slot-asia.tulangbawangkab.go.id;3
slot-bali.mamberamotengahkab.go.id;2
slot-bank-bsi.bakesbang.bondowosokab.go.id;1
slot-bank-jago.bakesbang.bondowosokab.go.id;2
slot-bet-200.pn-tangerang.go.id;1
slot-bonanza.pkmsalewangeng.wajokab.go.id;1
slot-bonus.dinkes.banjarnegarakab.go.id;4
slot-bonus.kesehatan.tapselkab.go.id;1
slot-bonus.pa-masamba.go.id;2
Slot-boNUS.pA-ruTENg.gO.ID;1
slot-bonus.pendidikan.tapselkab.go.id;1
slot-bonus.pn-subang.go.id;2
slot-bonus.pn-tubei.go.id;4
slot-bonus.sister.sumbawabaratkab.go.id;3
slot-brazil.bppbapmaros.kkp.go.id;1
slot-bri.kesbangpol.tapselkab.go.id;1
slot-bri.pa-tanjungpati.go.id;1
slot-bri.ptun-kendari.go.id;1
slot-caishen.angkolatimur.tapselkab.go.id;2
slot-casino777.bakeuda.pangkalpinangkota.go.id;2
SlOt-CHInA.DinASParIWiSatA.BiNjaIKOTa.gO.id;2
slot-cuan.epkk.kotaprabumulih.go.id;1
slot-cuan.jdih.kaimanakab.go.id;5
slot-dana.bpbd.nttprov.go.id;2
slot-dana.dprd-bengkulutengah.go.id;11
SLOT-dANA.EMpaTLAwangKAB.Go.Id;6
slot-dana.fakfakkab.go.id;2
sLOT-dana.KECsUKorejO.KeNdalKAB.Go.Id;1
slot-dana.kejari-halut.go.id;4
slot-dana.kejari-sabang.go.id;1
SLOt-dAna.kESbangPOL.BABeLPrOV.go.Id;2
slot-dana.kkp-mataram.go.id;1
slot-dana.maindektari.bnn.go.id;46
slot-dana.ndugakab.go.id;15
slot-dana.niasbaratkab.go.id;6
slot-dana.pa-blambanganumpu.go.id;10
slot-dana.pa-kualakurun.go.id;3
slot-dana.pa-sibuhuan.go.id;1
slot-dana.pa-singkawang.go.id;46
slot-dana.pegafkab.go.id;1
slot-dana.pkmkabere.enrekangkab.go.id;2
slot-dana.pkmsalewangeng.wajokab.go.id;2
sLOt-DanA.Pn-AirMAdIDI.GO.id;5
slot-dana.pn-jepara.go.id;1
slot-dana.pn-sampit.go.id;1
slot-dana.pn-tanjungpandan.go.id;1
slot-dana.polpp.sangihekab.go.id;3
slot-dana.project.bintankab.go.id;1
SlOT-dAnA.pT-paLANGKarAYa.GO.Id;1
slot-dana.saberpungli.depok.go.id;1
slot-dana.satasik.tasikmalayakota.go.id;3
slot-dana.smartcity.kotaprabumulih.go.id;3
slot-dana.sumbatengahkab.go.id;9
sLot-DaNA.TulanGBawAnGkAb.Go.Id;2
slot-dana-an.inlislite.tabalongkab.go.id;1
slot-dana-gacor.databasedisperindag.bandungkab.go.id;8
slot-demo.bcsabang.beacukai.go.id;2
slot-demo.bpbd.nttprov.go.id;5
slot-demo.bpbd.sinjaikab.go.id;4
slot-demo.dltp2.tanahlautkab.go.id;1
slot-demo.dpmptsp.mamujutengahkab.go.id;2
slot-demo.jdih.kepahiangkab.go.id;2
slot-demo.kejari-halut.go.id;11
slot-demo.kkp-mataram.go.id;10
slot-demo.ndugakab.go.id;5
slot-demo.pa-bima.go.id;2
slot-demo.pa-kualakurun.go.id;1
slot-demo.pa-talu.go.id;1
slot-demo.pn-karawang.go.id;4
slot-demo.pn-tanjungpandan.go.id;3
SloT-demO.Pta-BEnGkuLu.GO.Id;4
slot-demo.siappbjp.tapinkab.go.id;3
SloT-dEMO.sIsamantaN.bandUnGKaB.gO.Id;1
sloT-DEmO.TUlAngbaWanGKaB.GO.ID;1
slot-demo-boy1.batata.banjarbarukota.go.id;1
slot-demo-boy3.batata.banjarbarukota.go.id;1
slot-demo-boy4.batata.banjarbarukota.go.id;1
slot-demo-dom3.batata.banjarbarukota.go.id;1
slot-demo-gratis-phoenix-menang.batata.banjarbarukota.go.id;1
slot-demo-pragmatic.rsudotista.bandungkab.go.id;1
slot-demo-resmi.gamel88.inlislite.tabalongkab.go.id;1
slot-demo-resmi-terpercaya.gameltoto.batata.banjarbarukota.go.id;1
slot-demo-room08.batata.banjarbarukota.go.id;1
slot-demo-sambil-sebat.batata.banjarbarukota.go.id;1
slot-demo-tm05.inlislite.tabalongkab.go.id;2
slot-depo-10k.diskominfo.nttprov.go.id;1
slot-depo-10k.kejari-sabang.go.id;3
Slot-DEpo-10K.kESeHAtAN.tAPSeLkAb.gO.Id;3
slot-depo-10k.maindektari.bnn.go.id;30
slot-depo10k.pa-masamba.go.id;2
slot-depo-10k.pa-pati.go.id;1
slot-depo-10k.pa-singkawang.go.id;42
SLoT-dEPo-10k.PN-aiRmaDiDi.GO.iD;2
Slot-depo-10k.PN-sERAng.Go.id;2
slot-depo-10k.pppa.tapselkab.go.id;2
sloT-dePO-10K.siKKaKAB.gO.iD;1
slot-depo-10k.sumbatengahkab.go.id;1
slot-depo-10k.umkm.bangkabaratkab.go.id;3
slot-depo10k-an.batata.banjarbarukota.go.id;1
slot-depo-25k.maindektari.bnn.go.id;32
slot-depo-25k.pendidikan.tapselkab.go.id;2
slot-depo-25k.pn-subang.go.id;3
slot-depo-25k.sdhole.tapselkab.go.id;1
slot-depo-5k.keckaliwunguselatan.kendalkab.go.id;2
slot-depo-5k.melawikab.go.id;1
SLot-dEpo-5k.pa-sINGkAWang.GO.Id;5
slot-depo-5k.pendidikan.tapselkab.go.id;2
slot-depo-5k.pn-tubei.go.id;3
slot-depo-5k-sipaling-iri.inlislite.tabalongkab.go.id;2
slot-deposit.klungkungtourism.klungkungkab.go.id;4
slot-deposit-5rb.kkp-mataram.go.id;10
slot-deposit-5rb.niasbaratkab.go.id;6
slot-deposit-5rb.pa-probolinggo.go.id;2
SLoT-depOSiT-daNa.disPERKIm.kenDAlkAb.GO.iD;1
slot-deposit-dana.niasbaratkab.go.id;4
slot-deposit-dana.pa-kraksaan.go.id;1
slot-deposit-dana.pa-ruteng.go.id;1
slot-deposit-dana.pegafkab.go.id;2
slot-deposit-dana.pn-sidrap.go.id;2
slot-deposit-dana.sipp.pa-ruteng.go.id;1
slot-deposit-dana-copo.diskopumkm.karangasemkab.go.id;2
slot-deposit-isaku-copo.diskopumkm.karangasemkab.go.id;2
slot-deposit-pulsa.banggaikab.go.id;1
slot-deposit-pulsa.kelurahanbaleendah.bandungkab.go.id;8
slot-deposit-pulsa.saberpungli.depok.go.id;2
slot-deposit-pulsa.tapinkab.go.id;1
slot-dubai.mamberamotengahkab.go.id;5
slot-dubai.naker.tapselkab.go.id;1
slot-dubai.pn-dumai.go.id;1
slot-dubai-copo-2024.diskopumkm.karangasemkab.go.id;1
slot-filipina.kejari-halut.go.id;4
slot-filipina.mamberamotengahkab.go.id;1
slot-gacor.ambon.go.id;1
slot-gacor.bakesbang.bondowosokab.go.id;1
slot-gacor.bkpsdm.tanahlautkab.go.id;1
slot-gacor.bpkad.lomboktengahkab.go.id;5
slot-gacor.bpkad.madiunkab.go.id;2
slot-gacor.bpkpad.kotaprabumulih.go.id;10
slot-gacor.butonutarakab.go.id;1
Slot-GACOR.Covid19.SumBaWAbaratkab.gO.Id;11
sLoT-gaCoR.DaTAsEKToRAl.wonoGIRIkaB.Go.id;3
slot-gacor.demakkab.go.id;1
slot-gacor.diskopumkm.karangasemkab.go.id;3
slot-gacor.disparbud.banjarnegarakab.go.id;1
slot-gacor.disporapar.lampungbaratkab.go.id;5
slot-gacor.dpchpi.fakfakkab.go.id;5
slot-gacor.dprd-sumutprov.go.id;2
slot-gacor.emasagung.tegalkota.go.id;4
slot-gacor.epkk.kotaprabumulih.go.id;1
slot-gacor.exam.pn-sidrap.go.id;1
slot-gacor.ftp.disparbud.fakfakkab.go.id;1
slot-gacor.gis-sda.malutprov.go.id;8
SLoT-gACor.GOpInKI.sumBAWabARAtkAB.go.id;2
SLoT-GAcor.JDiH.kaimaNAKab.GO.id;2
slot-gacor.keckaliwunguselatan.kendalkab.go.id;1
slot-gacor.kecsukorejo.kendalkab.go.id;7
slot-gacor.kejari-halut.go.id;14
slot-gacor.knks.go.id;27
slot-gacor.kotaprabumulih.go.id;2
slOt-gaCOr.kPU-lomboKTiMurKaB.GO.Id;2
slot-gacor.maxwin.inhukab.go.id;1
slot-gacor.minahasa.go.id;2
slot-gacor.ndugakab.go.id;2
slot-GACoR.niaSBaRaTKab.gO.Id;3
sloT-gACor.pA-karANGASEM.GO.ID;3
slot-gacor.palukota.go.id;1
slot-gacor.pa-sekayu.go.id;7
slot-gacor.pa-sukabumi.go.id;2
slot-gacor.pa-sungguminasa.go.id;2
SlOT-GAcOr.pa-TaLu.gO.ID;3
slot-gacor.pa-ternate.go.id;1
slot-gacor.pendidikan.tapselkab.go.id;1
sLOt-gACor.PKMmALUa.eNrEKANgkaB.GO.id;2
slot-gacor.pkmsalewangeng.wajokab.go.id;3
slot-gACOR.pN-bAlEbaNDUnG.gO.iD;1
slot-gacor.pn-kayuagung.go.id;1
slot-gacor.pn-malinau.go.id;13
slot-gacor.pn-sidoarjo.go.id;1
slot-gacor.ppid.kaltimprov.go.id;3
SloT-GaCOR.pt-KEPRi.GO.iD;2
sLOT-gaCor.Ptun-kENdari.gO.Id;3
slot-gacor.puskesos.bengkaliskab.go.id;2
slot-gacor.sisamantan.bandungkab.go.id;1
SLOT-GAcoR.sUMBAteNGaHKAB.Go.id;1
slot-gacor.sumbawakab.go.id;4
slot-gacor.talaudkab.go.id;1
slot-gacor-2023.dpmptsp.biakkab.go.id;1
slot-gacor-2023.fakfakkab.go.id;1
slot-gacor-2023.pn-watansoppeng.go.id;3
slot-gacor-2024.pa-kualakurun.go.id;2
slot-gacor4d.exam.pn-sidrap.go.id;1
slot-gacor-777.jdih.kaimanakab.go.id;3
slot-gacor88.dishub.bandung.go.id;1
slot-gacor-hari-ini.kleponpsw.pringsewukab.go.id;2
slot-gacor-hari-ini.niasbaratkab.go.id;1
slot-gacor-hari-ini.pa-kraksaan.go.id;9
slot-gacor-hari-ini.pa-lewoleba.go.id;2
slot-gacor-hari-ini.pa-solok.go.id;1
slot-gacor-hari-ini.pn-jayapura.go.id;1
slot-gacor-hari-ini.tubaba.go.id;1
slot-gacor-hari-inii.pn-sidrap.go.id;3
slot-gacor-maxwin.e-koperasi.jambikota.go.id;1
sloT-gacOR-mAxwIN.jDIh.kEpAhiaNGKAB.go.ID;3
slot-gacor-maxwin.kecmuarasamu.paserkab.go.id;1
SLoT-GACor-MaXWin.ptun-keNDarI.Go.Id;2
slot-gacor-maxwin.setda.tapselkab.go.id;1
slot-gacor-maxwin.sipp.pa-ruteng.go.id;1
slot-gacor-room-17.inlislite.tabalongkab.go.id;2
slot-gacor-thailand.pa-pandeglang.go.id;5
slot-gacor-thailand.pa-ternate.go.id;2
slot-gampang-jp.pa-atambua.go.id;2
slot-gampang-menang.pa-ruteng.go.id;2
slot-garansi.pa-sukabumi.go.id;2
slot-garansi-kekalahan.alorkab.go.id;1
slot-garansi-kekalahan.bpbd.nttprov.go.id;22
slot-garansi-kekalahan.bpbd.sinjaikab.go.id;3
slot-garansi-kekalahan.pa-pati.go.id;2
slot-garansi-kekalahan.pta-bengkulu.go.id;3
SLoT-Gate-of-olymPus.nIasbArAtkaB.gO.Id;2
slot-genting.mamberamotengahkab.go.id;2
slot-gopay.bpkad.madiunkab.go.id;2
slot-gopay.kecsukorejo.kendalkab.go.id;1
slot-gopay.kejati-diy.go.id;1
slot-gopay.kkp-mataram.go.id;10
slot-gopay.pa-lubukbasung.go.id;2
slot-gopay.pa-ruteng.go.id;5
slot-gopay.pa-sibuhuan.go.id;1
slot-gopay.pn-watansoppeng.go.id;1
slot-gopay.pta-bali.go.id;1
slot-gopay.simpusbisa.tabalongkab.go.id;2
slot-gopay.sipala.fakfakkab.go.id;3
slot-gopay.sipp.pa-ruteng.go.id;1
slot-habanero.bakesbang.bondowosokab.go.id;4
slot-habanero.ptun-kendari.go.id;2
sLOT-HOKI.DISkominfO.ntTpRov.gO.Id;1
slot-hoki.pa-curup.go.id;1
SLot-hoKI.pA-TaLu.Go.id;2
slot-hoki.pn-tubei.go.id;2
slot-hoki.puskesmasgladagsari.boyolali.go.id;2
slot-hoki.sipp.pa-sungailiat.go.id;2
slot-HongKOnG.kEJARi-haLUt.gO.id;5
slot-hongkong.pa-sukabumi.go.id;1
slot-idn.pa-pandeglang.go.id;1
slot-idn.pn-airmadidi.go.id;1
SLoT-IDN.satpOLpp.TAPsElKaB.go.id;2
slot-india.kejari-halut.go.id;2
slot-india.pn-lamongan.go.id;1
slot-indonesia.angkolatimur.tapselkab.go.id;2
slot-internasional.pa-sukabumi.go.id;1
SLOT-jEpANg.EpKk.koTaPRabuMUlIH.GO.Id;1
slot-jepang.kejati-diy.go.id;1
slot-jepang.kpu-pidiejayakab.go.id;2
slot-jepang.maindektari.bnn.go.id;12
slot-jepang.pa-ruteng.go.id;3
SlOT-jEpaNg.Pn-tAnGeRAng.gO.ID;1
sLOT-JePaNG.PN-wATansoPPEnG.go.ID;2
slot-jepang.pt-denpasar.go.id;2
slot-jepang.pupr.tapselkab.go.id;1
slot-jepang.simpusbisa.tabalongkab.go.id;3
slot-jepang-copo-2024.diskopumkm.karangasemkab.go.id;1
slot-jp.ndugakab.go.id;7
slot-jp.pegafkab.go.id;7
slot-jp.sister.sumbawabaratkab.go.id;1
slot-jp.tantomangkola.tapselkab.go.id;1
SLot-jP.TULAnGBawaNGkaB.gO.ID;2
sLoT-KaMbOjA.dlhAgENDa.KALtimpROv.go.iD;1
slot-kamboja.fakfakkab.go.id;3
slot-kamboja.maindektari.bnn.go.id;16
slot-kamboja.mamberamotengahkab.go.id;2
slot-kamboja.ndugakab.go.id;3
slot-kamboja.niasbaratkab.go.id;3
slot-kamboja.pa-pangkajene.go.id;1
slot-kamboja.pkmsalewangeng.wajokab.go.id;2
slot-KAmboJa.pn-taNgERaNG.GO.iD;2
slot-kamboja.pn-watansoppeng.go.id;2
slot-kamboja.radengercep.pringsewukab.go.id;1
slot-kamboja.simpusbisa.tabalongkab.go.id;3
slot-kambOJA.sIsTEr.SUMbaWabARATkAb.go.Id;1
slOT-kamBOJA.tAnTOMangKoLa.TaPsELKAB.Go.id;2
sLOt-KAmbOjA.UmKM.baNGKabARaTKAB.Go.id;7
slot-kanada.pn-dumai.go.id;3
slot-kembar2.go.id;1
slot-korea.angkolatimur.tapselkab.go.id;3
slot-korea.pn-buol.go.id;1
slot-linkaja.kejati-diy.go.id;1
slot-luar-copo-2024.diskopumkm.karangasemkab.go.id;2
slot-luar-jackpot.gamel88.inlislite.tabalongkab.go.id;1
SloT-lUAr-NEGERi.DISkoPUmkM.karaNgAsemKAB.Go.ID;1
slOt-luAr-nEGEri.duKcapIl.TapINKAB.go.id;1
slot-luar-negeri.jdihdprd.kepahiangkab.go.id;1
slot-luar-negeri.maindektari.bnn.go.id;11
slot-luar-negeri.pa-badung.go.id;3
slot-luar-negeri.pn-palu.go.id;6
slot-luar-negri.mandala.biakkab.go.id;2
slot-luar-web02.inlislite.tabalongkab.go.id;1
sLOT-maCAU.klEPOnpSw.PRiNGSEwuKaB.go.Id;1
slot-macau-copo-2024.diskopumkm.karangasemkab.go.id;2
slot-mahjong.bakesbang.bondowosokab.go.id;2
slot-mahjong.dlh.tapselkab.go.id;4
SlOt-mAhJong.GOPInki.suMBawABArATKab.Go.ID;2
slot-mahjong.kejari-cirebonkab.go.id;2
sLoT-mahjONg.KeSBAngpoL.BAbeLprOV.go.id;2
slot-mahjong.kesbangpol.tapselkab.go.id;1
SLOt-MAHJong.paPaDita.KALtImpRov.GO.id;6
slot-mahjong.pa-palangkaraya.go.id;1
Slot-MAHjONG.PA-sOROng.gO.ID;12
slot-mahjong.pa-sungguminasa.go.id;2
slot-mahjong.pa-talu.go.id;8
slot-mahjong.pa-ternate.go.id;1
slot-mahjong.pegafkab.go.id;6
slot-mahjong.pn-jepara.go.id;1
slot-mahjong.pn-purwokerto.go.id;2
slot-mahjong.pn-serang.go.id;1
slot-mahjong.pn-sidrap.go.id;1
slot-mahjong.pn-tanjungpinangkota.go.id;1
slot-mahjong.pupr.tapselkab.go.id;5
SlOt-MAHjOng.sIPp.PA-rUteNg.gO.Id;2
slot-mahjong-2024.naker.tapselkab.go.id;1
slot-mahjong-ways.pa-pandeglang.go.id;3
slot-mahjong-ways.pkmsalewangeng.wajokab.go.id;1
slot-malaysia.diskopumkm.karangasemkab.go.id;4
slot-malaysia.maindektari.bnn.go.id;12
slot-malaysia.ms-sigli.go.id;13
slot-malaysia.pa-sungguminasa.go.id;2
slot-malaysia.pa-tabanan.go.id;3
sLot-MAnDIRi.PA-BANJaRNegAra.gO.id;1
slot-mania.angkolatimur.tapselkab.go.id;1
slot-mania.bkpsdm.tanahlautkab.go.id;8
slot-mania.daftarvaksin.depok.go.id;1
slot-MaNIA.Pa-saroLaNGUN.gO.iD;3
slot-mania.pa-sorong.go.id;3
slot-mania.pa-sukabumi.go.id;3
slot-mania.pa-talu.go.id;7
slot-mania.pn-tangerang.go.id;2
slot-mania.ppid.kaltimprov.go.id;2
slot-maxwin.angkolaselatan.tapselkab.go.id;2
sLOt-MaXwIn.BPbd.nTTPROv.Go.id;3
slot-maxwin.kecsukorejo.kendalkab.go.id;1
slot-maxwin.kesbangpol.babelprov.go.id;3
sLot-MAxwiN.klEPOnpsw.pRiNGSeWUKAB.gO.ID;1
slot-maxwin.klungkungtourism.klungkungkab.go.id;3
slot-maxwin.ndugakab.go.id;3
slot-mAxWIN.PA-bLitAr.gO.ID;1
slot-maxwin.pa-masamba.go.id;3
slot-maxwin.pa-ruteng.go.id;1
slot-maxwin.pa-sorong.go.id;8
slot-maxwin.pa-talu.go.id;4
slot-maxwin.pendidikan.TAPSelkAB.go.Id;2
slot-maxwin.pn-sidrap.go.id;3
SLOT-MaXWIN.Pn-tubei.go.ID;3
slot-maxwin.ppid.kaltimprov.go.id;2
SlOt-MAxWIN.pTa-MeDAN.gO.iD;2
slot-MaxwiN.PupR.TaPSElkAB.Go.ID;1
slot-maxwin.sbdkab.go.id;2
Slot-MAXWiN.SetDA.tApInKAB.GO.iD;2
slot-maxwin.sipecuti.banjarnegarakab.go.id;1
slot-maxwin.sipetik.bandungkab.go.id;3
slot-maxwin.sipitung.bnn.go.id;6
slot-maxwin.sister.sumbawabaratkab.go.id;3
SLoT-maxWIN-GacOr.PA-SIngarajA.go.Id;4
slot-menang.kecsukorejo.kendalkab.go.id;3
slot-mpo.dpmptsp.mamujutengahkab.go.id;1
slot-mpo.pn-palu.go.id;1
slot-myanmar.dinaspariwisata.binjaikota.go.id;2
slot-myanmar.fakfakkab.go.id;2
slot-myanmar.pa-tabanan.go.id;1
slOt-myAnMAR.sISTer.SumBawabarATKAb.go.id;4
slot-olympus.bakesbang.bondowosokab.go.id;3
slot-olympus.pemdes.tapselkab.go.id;2
slot-olympus.pkmsalewangeng.wajokab.go.id;1
SLoT-olYmpUS.ptun-KEnDARi.Go.ID;1
slot-online.disdukcapil.kotaprabumulih.go.id;1
slot-online.distan.bandungkab.go.id;1
slot-online.i-sarpras.blitarkota.go.id;1
slot-online.jdih.kaimanakab.go.id;2
slot-online.kecsukorejo.kendalkab.go.id;7
slot-online.pa-lewoleba.go.id;3
slot-online.pa-talu.go.id;5
slot-online.pegafkab.go.id;1
SlOt-OnLiNe.PN-AIRmAdiDi.gO.iD;2
slot-online.pn-gedongtataan.go.id;2
slot-online.pt-malukuutara.go.id;2
Slot-oNLine.pUPR.tAPSeLkAB.Go.id;1
slot-online.saramom.biakkab.go.id;2
slot-online-amino.inlislite.tabalongkab.go.id;1
slot-online-cm2.batata.banjarbarukota.go.id;1
slot-online-cm3.batata.banjarbarukota.go.id;1
slOT-OnLIne-TRiofUs.FAkfaKKAb.gO.Id;3
SLOt-OvO.dLh.taPSElKAB.go.Id;3
slot-ovo.fakfakkab.go.id;1
slot-ovo.pa-probolinggo.go.id;1
sLOt-Ovo.pA-rUTENg.go.id;6
slot-ovo.pn-buol.go.id;2
slot-ovo.simpel.pn-tenggarong.go.id;9
slot-ovo.smpn12.semarangkota.go.id;1
slot-paling-gacor.kejari-halut.go.id;4
slot-pg.arse.tapselkab.go.id;1
slot-pg.bapenda.sumbawabaratkab.go.id;22
slot-pg.kpu-pidiejayakab.go.id;1
Slot-Pg.PUPr.tAPSELKab.go.iD;4
sloT-PG.rsUd.SUMbAwAbArAtkAB.Go.iD;10
SLOT-PGsOFt.PA-aRso.go.id;3
slot-pgsoft.pa-masamba.go.id;2
SloT-Pg-sOFt.Pa-SOrONg.GO.iD;10
SloT-Pg-SoFT.Pn-SUkAmakmuE.Go.id;2
SloT-PRagmATIc.pA-MasamBa.go.iD;4
SLoT-PRagmatiC.Pa-RUTENg.Go.iD;2
slot-pragmatic.pa-sungguminasa.go.id;6
slot-pragmatic.pn-watansoppeng.go.id;1
slot-pragmatic.statistik.kepahiangkab.go.id;2
SLoT-prAGMatic-PLAy.pN-jayApura.Go.iD;4
slot-pragmatic-zeus.batata.banjarbarukota.go.id;2
slot-prancis.angkolatimur.tapselkab.go.id;1
slot-princess.pa-sungguminasa.go.id;1
slot-princess.pn-watansoppeng.go.id;4
slot-pulsa.alorkab.go.id;1
slot-pulsa.angkolaselatan.tapselkab.go.id;1
slot-pulsa.bakesbang.bondowosokab.go.id;1
slot-pulsa.bkpsdm.munabarat.go.id;3
slot-pulsa.bpkad.madiunkab.go.id;9
slot-pulsa.dinkes.kendalkab.go.id;1
slot-pulsa.disdukcapil.kotaprabumulih.go.id;1
slot-pulsa.disparbud.fakfakkab.go.id;1
slot-pulsa.dprd-bengkulutengah.go.id;9
SLOt-puLsA.fakFaKkab.go.iD;2
slOT-pulSa.kESEHaTan.tAPselKaB.go.ID;1
SLOT-puLsa.KLEpONpSW.priNgSeWuKAb.go.Id;1
slot-pulsa.kotaprabumulih.go.id;3
slot-pulsa.maindektari.bnn.go.id;13
slot-pulsa.niasbaratkab.go.id;3
slot-pulsa.pa-blitar.go.id;1
slot-pulsa.pa-solok.go.id;4
slot-pulsa.pa-telukkuantan.go.id;7
SlOt-PULSA.PENDIDIKan.TAPsElkab.Go.iD;1
slot-pulsa.pkmanggeraja.enrekangkab.go.id;1
slot-pulsa.pn-watansoppeng.go.id;2
slot-pulsa.puskesmasklego2.boyolali.go.id;1
SLOT-PUlSA.sImpEl.pn-TenGGaroNg.go.iD;1
SLoT-pUlsa.smArtCITY.KotaPraBUMUlih.Go.id;1
SlOT-puLsa.SUMbAWaBARATkAb.Go.ID;2
slot-pulsa-5000.mi.pa-sungguminasa.go.id;1
slot-pyramid.pa-talu.go.id;5
slot-qatar.mamberamotengahkab.go.id;3
slot-qris.diskopumkm.karangasemkab.go.id;2
slot-qris.fttsd.pn-sidrap.go.id;1
slot-qris.kesbangpol.babelprov.go.id;1
slot-qris.pa-tabanan.go.id;3
slot-qris.ptun-kendari.go.id;2
slot-qris.sidilan.lumajangkab.go.id;1
slot-raffi-ahmad.ms-aceh.go.id;5
slot-receh.bpbd.nttprov.go.id;3
slot-receh.kecplantungan.kendalkab.go.id;1
slot-receh.pendidikan.tapselkab.go.id;2
slot-receh.pn-tubei.go.id;2
slot-resmi.epkk.kotaprabumulih.go.id;1
slot-resmi.kkp-mataram.go.id;8
slot-resmi.klungkungtourism.klungkungkab.go.id;1
slot-resmi.pa-masamba.go.id;1
slot-resmi.pengadilan.pa-sukabumi.go.id;3
slot-rusia.maindektari.bnn.go.id;26
slOt-RuSIA.PN-TangErAnG.go.ID;1
sLOT-sEabank.siMpEL.pN-teNGGarONG.GO.Id;2
slot-seopjt.pa-probolinggo.go.id;1
slot-server.pa-masamba.go.id;1
slot-server-amerika-cool.diskopumkm.karangasemkab.go.id;2
slot-server-amerika-keren.diskopumkm.karangasemkab.go.id;2
sLoT-SERvEr-belAnda.KEjaRI-haLut.GO.iD;6
slot-server-china.diskopumkm.karangasemkab.go.id;1
slot-server-china.fakfakkab.go.id;1
slOT-serVer-chINa.keJARi-hAluT.go.iD;1
SLoT-SERver-chInA.pT-palaNgkAraYA.gO.ID;4
slot-server-dubai.puskesmascepogo.boyolali.go.id;3
slot-server-dubai-cool.diskopumkm.karangasemkab.go.id;2
slot-server-eropa.fakfakkab.go.id;2
slot-server-eropa-cool.diskopumkm.karangasemkab.go.id;2
slot-server-eropa-copo-2024.diskopumkm.karangasemkab.go.id;1
slot-server-eropa-no2.smpn12.semarangkota.go.id;3
slot-server-filipina.diskopumkm.karangasemkab.go.id;2
SLOT-SerVer-FiLIPiNa.KpU-piDIEjAYAKAB.gO.ID;1
SLOt-SerVEr-fIlipinA.pt-PALAngKaRAYa.gO.Id;2
slot-server-filipina-no2.smpn12.semarangkota.go.id;1
slot-server-hongkong.bpbd.nttprov.go.id;25
slot-server-hongkong.bpbd.sinjaikab.go.id;1
slot-server-hongkong.diskopumkm.karangasemkab.go.id;3
slot-server-hongkong.kecplantungan.kendalkab.go.id;1
SloT-SerVeR-HONgKong.pT-PalanGKaRayA.gO.iD;2
slot-server-hongkong-no1.smpn12.semarangkota.go.id;1
slot-server-internasional.fakfakkab.go.id;2
slot-server-internasional.pa-sukabumi.go.id;1
slot-server-internasional.pttun-medan.go.id;1
slot-server-international.bpbd.nttprov.go.id;9
slot-server-international.bpbd.sinjaikab.go.id;10
slot-server-jepang.bimtek.pta-gorontalo.go.id;2
sloT-sErvER-jEpaNG.BONeBoLaNgOKab.go.Id;2
slot-server-jepang.bpbd.nttprov.go.id;2
slot-server-jepang.diskopumkm.karangasemkab.go.id;1
slot-server-jepang.kecplantungan.kendalkab.go.id;4
sLOt-serVer-JEPang.kpu-PidIeJAYAkab.gO.Id;2
SLoT-SErVER-jepANg.PEnDidIkAN.TAPsElKaB.Go.iD;1
sLOT-SErvER-jEPaNg.pn-SIMALunguN.gO.Id;3
slot-server-jepang.pn-tubei.go.id;5
slot-server-jepang.pt-palangkaraya.go.id;13
slot-server-jepang.spbe.babelprov.go.id;1
slot-server-jepang-cool.diskopumkm.karangasemkab.go.id;2
slot-server-kamboja.bpbd.nttprov.go.id;4
slot-server-kamboja.kecplantungan.kendalkab.go.id;2
slot-server-kamboja.kejari-halut.go.id;3
slot-server-kamboja.pa-sibuhuan.go.id;2
slot-server-kamboja.pkmanggeraja.enrekangkab.go.id;2
slot-server-kamboja.sipp.pa-sungailiat.go.id;2
slot-server-korea-copo-2024.diskopumkm.karangasemkab.go.id;1
slot-server-luar.kpu-pidiejayakab.go.id;1
slot-server-luar.pa-sukabumi.go.id;3
slot-server-luar.rsud.solokkab.go.id;2
slot-server-luar.smartcity.kotaprabumulih.go.id;1
slot-server-luar-copo-2024.diskopumkm.karangasemkab.go.id;1
slot-server-luar-keren.diskopumkm.karangasemkab.go.id;2
slot-server-macau-copo-2024.diskopumkm.karangasemkab.go.id;2
sLot-SerVEr-maLAYsiA.Bpbd.ntTpRoV.GO.Id;3
slot-server-malaysia.fakfakkab.go.id;1
slot-server-malaysia.pa-bima.go.id;1
slot-server-malaysia.pkmanggeraja.enrekangkab.go.id;5
sloT-SERvEr-maLAysia.PN-SimaLuNguN.Go.ID;3
slot-server-malaysia.pn-tubei.go.id;1
slot-server-malaysia.rsud.solokkab.go.id;1
slot-server-malaysia-cool.diskopumkm.karangasemkab.go.id;1
slot-server-malaysia-keren.diskopumkm.karangasemkab.go.id;1
slot-server-mexico-sakura3.batata.banjarbarukota.go.id;1
slot-server-myanmar.bpbd.nttprov.go.id;3
slot-server-myanmar.dukcapil.tapinkab.go.id;1
slot-server-myanmar.keckaliwunguselatan.kendalkab.go.id;1
slOt-SerVer-MyaNMar.kpu-pIdIEJaYakaB.go.id;1
slot-server-myanmar.pendidikan.tapselkab.go.id;2
slot-server-platinum.spbe.babelprov.go.id;1
slot-server-rusia.alorkab.go.id;1
slot-server-rusia.bpbd.sinjaikab.go.id;2
SLOT-SERVer-RusIa.pT-pAlANgKaRaYa.Go.iD;3
slot-server-rusia-sakura4.batata.banjarbarukota.go.id;1
slot-server-sensasional-cool.diskopumkm.karangasemkab.go.id;1
sloT-SERVeR-SinGAPORe.kEjARi-HALUt.gO.id;1
slot-server-singapore.pn-tubei.go.id;4
slot-server-taiwan.bkpsdm.solokkab.go.id;2
slot-server-taiwan.bpbd.nttprov.go.id;5
slot-server-taiwan.bpbd.sinjaikab.go.id;2
SLOT-SerVER-tAIWaN.pa-maSAMBA.Go.iD;2
slot-server-thailand.bimtek.pta-gorontalo.go.id;1
slot-server-thailand.binjaikota.go.id;1
slot-server-thailand.bonebolangokab.go.id;1
slot-server-thailand.bpbd.nttprov.go.id;1
slot-server-thailand.dpka.acehtamiangkab.go.id;1
SLOT-SERvEr-ThAiLaNd.keClimbaNGAn.KendalkAB.GO.iD;2
slot-server-thailand.naker.tapselkab.go.id;2
slot-server-thailand.pn-tubei.go.id;6
slOt-SERVer-tHAILaND.pPId.KAlTimPrOV.Go.iD;2
slot-server-thailand.pt-palangkaraya.go.id;3
slot-server-thailand.semarangkab.go.id;1
slot-server-thailand.setda.tapselkab.go.id;1
slot-server-thailand-gacor.diskopumkm.karangasemkab.go.id;1
slot-server-vietnam.bimtek.pta-gorontalo.go.id;1
slot-server-vietnam.diskominfo.nttprov.go.id;1
slot-server-vietnam.fakfakkab.go.id;1
slot-server-vietnam.pn-tubei.go.id;6
slot-server-vietnam-copo-2024.diskopumkm.karangasemkab.go.id;1
slot-singapore.kleponpsw.pringsewukab.go.id;1
slot-slot-pg-soft.diskopumkm.karangasemkab.go.id;1
slot-slot-server-dubai.diskopumkm.karangasemkab.go.id;3
slot-stARLiGHT-pRiNcESS.Pa-tAnJUngPATI.Go.id;4
slot-sugar-rush.pn-malinau.go.id;1
slot-swedia.mamberamotengahkab.go.id;2
slot-taiwan.dinaspariwisata.binjaikota.go.id;2
slot-terbaru.e-koperasi.jambikota.go.id;7
slot-terbaru.pa-bangkinang.go.id;1
slot-terbaru-cm4.batata.banjarbarukota.go.id;1
slot-terpercaya.dpmptsp.enrekangkab.go.id;4
slot-terpercaya.pa-ruteng.go.id;7
slot-texas.mamberamotengahkab.go.id;2
slot-th.dlhp.fakfakkab.go.id;2
slot-thailand.acehtamiangkab.go.id;2
slot-thailand.bagianumum.kendalkab.go.id;2
slot-thailand.bapenda.sumbawabaratkab.go.id;2
slot-thailand.bpk.jdih.sumbawakab.go.id;2
slot-thailand.bpkad.lomboktengahkab.go.id;2
slot-thailand.bppbapmaros.kkp.go.id;2
SLOt-tHaiLand.buTOnutaraKAb.GO.iD;2
slot-thailand.covid19.sumbawabaratkab.go.id;1
slot-thailand.desaairringau.natunakab.go.id;2
slot-thailand.dilmilti3-surabaya.go.id;3
slot-thailand.disdamkar.bandungkab.go.id;1
slot-thailand.disperkim.banjarbarukota.go.id;3
slot-thailand.dispora.sangihekab.go.id;1
slot-thailand.dlh.tapselkab.go.id;1
slot-thailand.dpmptsp.enrekangkab.go.id;5
slot-thailand.dprd-gianyarkab.go.id;2
slot-thailand.dpuprpp.sumbawabaratkab.go.id;3
slot-thailand.empatlawangkab.go.id;3
slot-thailand.exam.pn-sidrap.go.id;2
slot-thailand.gis-sda.malutprov.go.id;1
slot-thailand.humas.wonogirikab.go.id;2
slot-thailand.investasi.boyolali.go.id;2
slot-thailand.jdih.disdukcapil.kotaprabumulih.go.id;2
slot-thailand.kecbna.banjarnegarakab.go.id;1
slot-thailand.keclimbangan.kendalkab.go.id;1
SLoT-thAIlAnD.KEcmuARASAMu.paSerkab.Go.id;2
slot-thailand.kejari-sabang.go.id;2
sLOT-THaiLAnD.KeJaTI-dIY.go.Id;1
slot-thailand.kesbangpol.babelprov.go.id;3
slot-thailand.kleponpsw.pringsewukab.go.id;2
SLOT-ThAIlaNd.mAiNdeKtari.bNN.gO.ID;13
slot-thailand.mamberamotengahkab.go.id;1
Slot-THAIlAnD.MELaWiKAB.GO.ID;2
slot-thailand.ms-sigli.go.id;1
slot-thailand.ndugakab.go.id;8
slot-thailand.niasbaratkab.go.id;6
slot-thailand.pa-arso.go.id;1
slot-thailand.pa-banjarbaru.go.id;1
SLOT-ThailAnd.Pa-BeNgKULuKota.Go.Id;1
slot-THaILand.pa-bLaMBangANuMpu.Go.Id;2
slot-thailand.pa-cilacap.go.id;6
slot-thailand.pa-mojokerto.go.id;2
sLOT-tHAILanD.PA-SiNGKawAng.gO.Id;45
slot-thailand.pa-sorong.go.id;5
slot-thailand.pbk.jatengprov.go.id;4
slot-thailand.pegafkab.go.id;6
slot-thailand.pemdes.tapselkab.go.id;1
slot-thailand.pkmfakfak.fakfakkab.go.id;1
slot-thailand.pn-airmadidi.go.id;1
slot-thailand.pn-balebandung.go.id;5
sloT-THAiLand.pn-ciaNjUr.gO.ID;3
SLOT-thAIlanD.pN-jAYaPURa.gO.ID;1
slot-thailand.pn-jepara.go.id;1
slot-thailand.pn-purwokerto.go.id;3
slot-thailand.pn-sengkang.go.id;2
slot-thailand.pn-serang.go.id;2
SLoT-THAilAnD.Pn-TANgeRANG.gO.id;4
slot-thailand.pn-tubei.go.id;2
slot-thailand.pt-palembang.go.id;1
slot-thailand.puskesmasciparay.bandungkab.go.id;1
slot-thailand.puskesmasklego1.boyolali.go.id;1
slot-thailand.s.inhukab.go.id;1
slot-thailand.sakip.sumbawabaratkab.go.id;3
SLot-THAILand.sATpoLpp.TapSElKab.GO.Id;5
slot-thailand.sayurmatinggi.tapselkab.go.id;1
slot-thailand.seresam.inhukab.go.id;1
slot-thailand.simpusbisa.tabalongkab.go.id;2
slot-thailand.sipitung.bnn.go.id;4
slot-thailand.sishabar.bondowosokab.go.id;1
slot-thAILAND.TANtOmanGKola.taPSeLKAb.Go.ID;2
SloT-ThAilAnD.TapInKAB.go.ID;2
slot-thailand.tirtaprabujaya.kotaprabumulih.go.id;2
sLot-ThAiLaND.tuLanGBAWANGKAb.GO.id;1
slot-thailand.tulungagung.go.id;2
slot-thailand.webmail.butonutarakab.go.id;4
slot-thailandd.pa-arso.go.id;5
slot-thailand-gacor.gamel88.batata.banjarbarukota.go.id;1
slot-thailand-gacor.pn-lamongan.go.id;1
slot-thailand-jackpot.gamel88.batata.banjarbarukota.go.id;2
slot-thailand-resmi.gamel88.batata.banjarbarukota.go.id;2
slot-thailand-tergacor.radengercep.pringsewukab.go.id;3
slot-togel.sister.sumbawabaratkab.go.id;1
slot-toto.alorkab.go.id;2
slot-toto.jdih.kaimanakab.go.id;8
slot-toto.kecplantungan.kendalkab.go.id;2
slot-toto.kejati-diy.go.id;2
slot-toto.pa-blitar.go.id;1
slot-toto.pa-masamba.go.id;2
slot-toto.pa-sungailiat.go.id;3
slot-toto.pkmkalosi.enrekangkab.go.id;3
sLoT-tOTO.pn-JaYaPurA.GO.id;4
slot-toto.pn-malinau.go.id;6
slot-toto.pn-tubei.go.id;3
slot-toto.puskesmas-sugihwaras.muaraenimkab.go.id;2
slot-toto.sdhole.tapselkab.go.id;1
slOT-toTO.sUkAbUmiKAb.go.Id;2
sLot-triOFuS.niasbARAtkAB.go.iD;4
slot-vietnam.dinaspariwisata.binjaikota.go.id;1
slot-vietnam.dpuprpp.sumbawabaratkab.go.id;2
SLoT-ViEtNam.KeJARi-hALuT.GO.Id;7
slot-vietnam.kleponpsw.pringsewukab.go.id;1
slot-vietnam.naker.tapselkab.go.id;1
slot-VietnAM.pA-sInGKAwang.gO.id;45
sLot-vIEtNam.PN-wAtansoPpeng.go.ID;1
slot-vietnam.sumbawabaratkab.go.id;6
SLOt-VIraL.kEJARI-HaLut.gO.ID;2
slot-vulkan777.bakeuda.pangkalpinangkota.go.id;8
slot-zeus.benakat.muaraenimkab.go.id;1
slOt-ZEUS.BpbD.nTtprOV.GO.id;2
SlOT-zEus.GOPinkI.SumbAwAbARAtkab.gO.id;3
slot-zeus.jdih.pa-sumbawabesar.go.id;3
slot-zeus.kleponpsw.prIngsEWukAB.Go.id;1
slot-zeus.melawikab.go.id;2
sLOt-zeus.pa-BlAmbANGAnuMpu.go.ID;2
slot-zeus.pa-jember.go.id;3
SLOT-ZEuS.Pa-PAnDEGLANg.Go.id;5
slot-zeus.pa-pati.go.id;1
slot-zeus.pa-ruteng.go.id;1
slot-zeus.pa-sawahlunto.go.id;1
sLOt-Zeus.PA-SiNGKAwaNG.Go.iD;8
slot-zeus.pa-sungguminasa.go.id;2
slot-zeus.pa-talu.go.id;3
slot-zeus.pn-airmadidi.go.id;1
slot-zeus.pn-jepara.go.id;1
slot-zeus.pn-sidrap.go.id;2
SLOT-zeUS.Pn-WATANSOPPEnG.go.iD;6
slot-zeus.ppid.kaltimprov.go.id;2
sLot-zEus.pupR.tApselkAB.gO.ID;1
slot-zeus.setda.tapinkab.go.id;1
slot-zeus.sipp.pa-ruteng.go.id;14
slot-zeus.sirintik.tapinkab.go.id;3
slot-zeus.sumbatengahkab.go.id;2
SlOt-Zeus.TirtAPrabUJaYa.koTAPRABumUlIH.Go.ID;1
tdh-strategic-slot-consulting-services.go.id;2
webmail.akun-demo-slot-gratis.pa-amuntai.go.id;1
www.akun-slot-demo-jackpot.gameltoto.batata.banjarbarukota.go.id;2
www.demo-slot-gacor.naker.tapselkab.go.id;2
www.demo-slot-pg-2024.diskominfo.grobogan.go.id;1
www.gizsho-slot-gacor4.batata.banjarbarukota.go.id;1
www.j4-slot-demo.inlislite.tabalongkab.go.id;2
www.kamboja-slot-2024.diskopumkm.karangasemkab.go.id;1
www.link-slot-eropa.naker.tapselkab.go.id;1
www.link-slot-gacor.gamel88.batata.banjarbarukota.go.id;1
www.link-slot-maxwin.makamah-agung.pa-sungguminasa.go.id;1
www.phoenix-slot-dana01.batata.banjarbarukota.go.id;2
www.phoenix-slot-demo01.batata.banjarbarukota.go.id;1
www.phoenix-slot-demo50.batata.banjarbarukota.go.id;2
www.sakura-slot-server-jepang1.batata.banjarbarukota.go.id;2
www.server-slot-jepang.naker.tapselkab.go.id;2
www.server-slot-kamboja.naker.tapselkab.go.id;1
www.server-slot-thailand.naker.tapselkab.go.id;1
www.situs-slot-dana-deposit-24jam.niasbaratkab.go.id;1
www.situs-slot-gacor-hari-ini.wakatobikab.go.id;2
www.situs-slot-hoki.diskopumkm.karangasemkab.go.id;3
www.situs-slot-luar-negeri.naker.tapselkab.go.id;1
www.slotterbaik-slot-dana.smpn12.semarangkota.go.id;1
